<?xml version="1.0" encoding="UTF-8"?>
<beans xmlns="http://www.springframework.org/schema/beans"
	xmlns:xsi="http://www.w3.org/2001/XMLSchema-instance"
	xmlns:context="http://www.springframework.org/schema/context"
	xsi:schemaLocation="http://www.springframework.org/schema/beans http://www.springframework.org/schema/beans/spring-beans.xsd
    http://www.springframework.org/schema/context http://www.springframework.org/schema/context/spring-context.xsd">
    
     <bean class="com.te.springAutoWireConstructor.Engine" id="engine">
          
     <property name="engineName" value="Yamaha"/>
      <property name="engineCc" value="1000"/>
     
     
     
    </bean>
      <bean class="com.te.springAutoWireConstructor.Car" id="car" autowire="constructor">
          <constructor-arg name="carNo" value="ka-21-432"/>
          <constructor-arg name="carName" value="Audi"/>          
      </bean>
    
    
    </beans>