<?xml version="1.0" encoding="UTF-8"?>
<beans xmlns="http://www.springframework.org/schema/beans"
	xmlns:xsi="http://www.w3.org/2001/XMLSchema-instance"
	xmlns:context="http://www.springframework.org/schema/context"
	xsi:schemaLocation="http://www.springframework.org/schema/beans http://www.springframework.org/schema/beans/spring-beans.xsd
    http://www.springframework.org/schema/context http://www.springframework.org/schema/context/spring-context.xsd">
    
    
    <bean class="com.te.spring.Engine" id="engine">
          
     <property name="engineName" value="Yamaha"/>
      <property name="engineCc" value="1000"/>
     
     
     
    </bean>
      <bean class="com.te.spring.Car" id="car">
           <property name="carNo" value="Ka-01-0091"/>
           <property name="carName" value="Yamha"/>
           <property name="engine" ref="engine"/>
      </bean>
        
    </beans>