<?xml version="1.0" encoding="UTF-8"?>
<beans xmlns="http://www.springframework.org/schema/beans"
	xmlns:xsi="http://www.w3.org/2001/XMLSchema-instance"
	xmlns:context="http://www.springframework.org/schema/context"
	xsi:schemaLocation="http://www.springframework.org/schema/beans http://www.springframework.org/schema/beans/spring-beans.xsd
    http://www.springframework.org/schema/context http://www.springframework.org/schema/context/spring-context.xsd">
<context:component-scan base-package="com.te.springAnnotation"/>
   
   
   <bean class="com.te.springAnnotation.beans.Address" id="address">
         <property name="houseNo" value="301"/>
   </bean>  
   
    <bean class="com.te.springAnnotation.beans.Address" id="address2">
         <property name="houseNo" value="201"/>
   </bean>   
   
   
   <bean class="com.te.springAnnotation.beans.Person" id="person">
   
       <property name="id" value="20"/>
       <property name="name" value="Ankit"/>
              
   
   </bean>
</beans>

